{"cameraMode":{"drawMode":0,"name":"Shaded","section":"Shading Mode"},"sceneLighting":true,"audioPlay":false,"sceneViewState":{"showFog":false,"showMaterialUpdate":false,"showSkybox":false,"showFlares":false,"showImageEffects":false,"showParticleSystems":false},"in2DMode":false,"pivot":{"x":-0.7788791656494141,"y":-0.352475643157959,"z":-0.9369401931762695},"rotation":{"x":-0.22388485074043275,"y":0.46887537837028506,"z":-0.12417760491371155,"w":-0.8453512787818909},"size":16.589332580566408,"orthographic":false}