{"cameraMode":{"drawMode":0,"name":"Shaded","section":"Shading Mode"},"sceneLighting":true,"audioPlay":false,"sceneViewState":{"showFog":false,"showMaterialUpdate":false,"showSkybox":false,"showFlares":false,"showImageEffects":false,"showParticleSystems":false},"in2DMode":false,"pivot":{"x":6.1765851974487309,"y":-3.252218246459961,"z":1.558964729309082},"rotation":{"x":-0.33163902163505556,"y":-0.09655368328094483,"z":0.03414390608668327,"w":-0.9378332495689392},"size":17.264636993408204,"orthographic":false}