{"cameraMode":{"drawMode":0,"name":"Shaded","section":"Shading Mode"},"sceneLighting":true,"audioPlay":false,"sceneViewState":{"showFog":false,"showMaterialUpdate":false,"showSkybox":false,"showFlares":false,"showImageEffects":false,"showParticleSystems":false},"in2DMode":false,"pivot":{"x":0.44061946868896487,"y":-5.212841987609863,"z":3.0954771041870119},"rotation":{"x":-0.27567386627197268,"y":0.22320687770843507,"z":-0.06597553938627243,"w":-0.9326483607292175},"size":22.75816535949707,"orthographic":false}