{"cameraMode":{"drawMode":0,"name":"Shaded","section":"Shading Mode"},"sceneLighting":true,"audioPlay":false,"sceneViewState":{"showFog":true,"showMaterialUpdate":true,"showSkybox":true,"showFlares":true,"showImageEffects":true,"showParticleSystems":true},"in2DMode":false,"pivot":{"x":5.468426704406738,"y":3.53855037689209,"z":-4.829319953918457},"rotation":{"x":-0.2553921937942505,"y":0.42140766978263857,"z":-0.12497806549072266,"w":-0.8611447811126709},"size":7.2452192306518559,"orthographic":false}